{"cameraMode":{"drawMode":0,"name":"Shaded","section":"Shading Mode"},"sceneLighting":true,"audioPlay":false,"sceneViewState":{"showFog":true,"showMaterialUpdate":false,"showSkybox":true,"showFlares":true,"showImageEffects":true,"showParticleSystems":true},"in2DMode":false,"pivot":{"x":1.561330795288086,"y":-6.245504379272461,"z":-8.983359336853028},"rotation":{"x":-0.47130662202835085,"y":0.2719388008117676,"z":-0.15545277297496797,"w":-0.8244731426239014},"size":61.6779899597168,"orthographic":false}