{"cameraMode":{"drawMode":0,"name":"Shaded","section":"Shading Mode"},"sceneLighting":true,"audioPlay":false,"sceneViewState":{"showFog":true,"showMaterialUpdate":false,"showSkybox":true,"showFlares":true,"showImageEffects":true,"showParticleSystems":true},"in2DMode":false,"pivot":{"x":-398.3821105957031,"y":-266.2997741699219,"z":325.5564880371094},"rotation":{"x":0.2221044898033142,"y":-0.41178423166275027,"z":0.10413013398647309,"w":0.8777479529380798},"size":287.0570068359375,"orthographic":false}