{"cameraMode":{"drawMode":0,"name":"Shaded","section":"Shading Mode"},"sceneLighting":true,"audioPlay":false,"sceneViewState":{"showFog":true,"showMaterialUpdate":false,"showSkybox":true,"showFlares":true,"showImageEffects":true,"showParticleSystems":true},"in2DMode":false,"pivot":{"x":331.8736267089844,"y":-432.97430419921877,"z":-586.827880859375},"rotation":{"x":-0.0749388113617897,"y":-0.9251731038093567,"z":0.2668386399745941,"w":-0.25968748331069949},"size":426.2639465332031,"orthographic":false}